{
  "background": {
    "color": {
      "value": "transparent"
    }
  },
  "style":{
    "position": "relative"
  },
  "interactivity": {
    "events": {
      "onClick": {
        "enable": true,
        "mode": "repulse"
      },
      "onHover": {
        "enable": true,
        "mode": "bubble"
      }
    },
    "modes": {
      "bubble": {
        "distance": 250,
        "duration": 2,
        "opacity": 0,
        "size": 0,
        "divs": {
          "distance": 200,
          "duration": 0.4,
          "mix": false,
          "selectors": []
        }
      },
      "grab": {
        "distance": 400
      },
      "repulse": {
        "distance": 400,
        "divs": {
          "distance": 200,
          "duration": 0.4,
          "factor": 100,
          "speed": 1,
          "maxSpeed": 50,
          "easing": "ease-out-quad",
          "selectors": []
        }
      }
    }
  },
  "particles": {
    "color": {
      "value": "#ffffff"
    },
    "links": {
      "color": {
        "value": "#ffffff"
      },
      "distance": 150,
      "opacity": 0.4
    },
    "move": {
      "attract": {
        "rotate": {
          "x": 600,
          "y": 600
        }
      },
      "enable": true,
      "outModes": {
        "bottom": "out",
        "left": "out",
        "right": "out",
        "top": "out"
      },
      "random": true,
      "speed": 1
    },
    "number": {
      "density": {
        "enable": true
      },
      "value": 160
    },
    "opacity": {
      "random": {
        "enable": true
      },
      "value": {
        "min": 0,
        "max": 1
      },
      "animation": {
        "enable": true,
        "speed": 1,
        "minimumValue": 0
      }
    },
    "size": {
      "random": {
        "enable": true
      },
      "value": {
        "min": 1,
        "max": 3
      },
      "animation": {
        "speed": 4,
        "minimumValue": 0.3
      }
    }
  }
}